0,Iva Moose,70878,cashier,11446,Phoenix,94245,89581
1,Iva Moose,21167,cashier,88760,Phoenix,74172,54439
2,Iva Moose,34177,cashier,75899,Phoenix,84973,64458
3,Iva Moose,64274,cashier,88956,Phoenix,60506,33005
4,Iva Moose,20839,cashier,26681,Phoenix,39122,63026
5,Iva Moose,41812,cashier,62413,Phoenix,4109,32557
6,Iva Moose,11147,cashier,97980,Phoenix,28185,1585
7,Iva Moose,70783,cashier,57424,Phoenix,38782,91056
8,Iva Moose,20227,cashier,74237,Phoenix,94926,70348
9,Iva Moose,50033,cashier,66690,Phoenix,42376,18946
10,Iva Moose,12013,cashier,76509,Phoenix,76364,52563
11,Iva Moose,87017,cashier,44517,Phoenix,38556,28523
12,Iva Moose,76025,cashier,8118,Phoenix,17786,72828
13,Iva Moose,81866,cashier,40522,Phoenix,69044,28438
14,Iva Moose,64456,cashier,59327,Phoenix,50444,80966
15,Iva Moose,29853,cashier,87097,Phoenix,84346,72035
16,Iva Moose,40144,cashier,77516,Phoenix,78421,49887
17,Iva Moose,48893,cashier,47340,Phoenix,59009,64735
18,Iva Moose,94110,cashier,42817,Phoenix,4954,21212
19,Iva Moose,75266,cashier,42680,Phoenix,42475,14897
20,Iva Moose,43752,cashier,64766,Phoenix,4426,90674
21,Iva Moose,52636,cashier,49957,Phoenix,98502,42751
22,Iva Moose,82175,cashier,19944,Phoenix,61626,80491
23,Iva Moose,16709,cashier,59568,Phoenix,54209,77847
24,Iva Moose,12215,cashier,19417,Phoenix,22812,85794
25,Iva Moose,68627,cashier,21926,Phoenix,56839,30112
26,Iva Moose,9141,cashier,77694,Phoenix,24106,38394
27,Iva Moose,63622,cashier,74975,Phoenix,1215,38085
28,Iva Moose,99980,cashier,70039,Phoenix,69345,19776
29,Iva Moose,5348,cashier,75376,Phoenix,25954,53119
30,Iva Moose,70133,cashier,78730,Phoenix,19163,71950
31,Iva Moose,40852,cashier,71515,Phoenix,39730,38027
32,Iva Moose,97532,cashier,13181,Phoenix,6096,85382
33,Iva Moose,6650,cashier,14363,Phoenix,46545,91080
34,Iva Moose,91821,cashier,93175,Phoenix,98604,98135
35,Iva Moose,35835,cashier,17209,Phoenix,40606,3670
36,Iva Moose,98184,cashier,8724,Phoenix,97433,68056
37,Iva Moose,88388,cashier,43723,Phoenix,45813,97348
38,Iva Moose,51220,cashier,37853,Phoenix,50342,88199
39,Iva Moose,22398,cashier,32914,Phoenix,13759,26615
40,Iva Moose,42210,cashier,82511,Phoenix,47838,71572
41,Iva Moose,46536,cashier,12432,Phoenix,93463,7300
42,Iva Moose,25032,cashier,71758,Phoenix,8986,25835
43,Iva Moose,12393,cashier,28032,Phoenix,1429,72736
44,Iva Moose,68285,cashier,92088,Phoenix,63427,35347
45,Iva Moose,49874,cashier,13708,Phoenix,90530,61942
46,Iva Moose,88242,cashier,7624,Phoenix,33416,11460
47,Iva Moose,72180,cashier,14542,Phoenix,95431,95950
48,Iva Moose,58261,cashier,38350,Phoenix,76902,21002
49,Iva Moose,69252,cashier,10805,Phoenix,67111,7637
50,Iva Moose,40729,cashier,42874,Phoenix,21532,85732
51,Iva Moose,50879,cashier,30422,Phoenix,66313,52587
52,Iva Moose,45532,cashier,18572,Phoenix,82299,53142
53,Iva Moose,82325,cashier,152,Phoenix,14555,46676
54,Iva Moose,73949,cashier,74417,Phoenix,82196,96412
55,Iva Moose,88993,cashier,14262,Phoenix,49811,47411
56,Iva Moose,72476,cashier,65465,Phoenix,57696,60200
57,Iva Moose,20796,cashier,14133,Phoenix,10242,31195
58,Iva Moose,23888,cashier,96297,Phoenix,75841,74178
59,Iva Moose,85267,cashier,91946,Phoenix,5645,48082
60,Iva Moose,81443,cashier,86355,Phoenix,14277,67608
61,Iva Moose,70084,cashier,24920,Phoenix,28970,74429
62,Iva Moose,63348,cashier,64408,Phoenix,27533,98256
63,Iva Moose,38287,cashier,48467,Phoenix,22907,36380
64,Iva Moose,42460,cashier,86399,Phoenix,21637,19475
65,Iva Moose,26196,cashier,20600,Phoenix,28954,98535
66,Iva Moose,16256,cashier,48591,Phoenix,67182,96492
67,Iva Moose,91976,cashier,38879,Phoenix,5206,47764
68,Iva Moose,6366,cashier,14930,Phoenix,30704,89386
69,Iva Moose,86408,cashier,24199,Phoenix,49651,19710
70,Iva Moose,489,cashier,18915,Phoenix,21463,95228
71,Iva Moose,31063,cashier,35329,Phoenix,45825,50073
72,Iva Moose,99296,cashier,72519,Phoenix,93243,69292
73,Iva Moose,18999,cashier,77820,Phoenix,32260,37441
74,Iva Moose,52717,cashier,69592,Phoenix,19235,83732
75,Iva Moose,98275,cashier,21587,Phoenix,10610,52229
76,Iva Moose,41963,cashier,40839,Phoenix,62341,21444
77,Iva Moose,16626,cashier,443,Phoenix,22224,94470
78,Iva Moose,34862,cashier,22754,Phoenix,84753,94003
79,Iva Moose,97567,cashier,4809,Phoenix,82265,72683
80,Iva Moose,86565,cashier,55162,Phoenix,55076,41235
81,Iva Moose,19671,cashier,37476,Phoenix,72831,8473
82,Iva Moose,78495,cashier,8170,Phoenix,15912,96698
83,Iva Moose,43464,cashier,22642,Phoenix,91223,88345
84,Iva Moose,79943,cashier,49310,Phoenix,22454,48895
85,Iva Moose,96242,cashier,82434,Phoenix,59986,61066
86,Iva Moose,96422,cashier,67448,Phoenix,75914,8311
87,Iva Moose,41334,cashier,73719,Phoenix,96980,29239
88,Iva Moose,91282,cashier,73419,Phoenix,42354,49563
89,Iva Moose,64974,cashier,29978,Phoenix,30686,5697
90,Iva Moose,28041,cashier,85162,Phoenix,64577,16538
91,Iva Moose,23091,cashier,35094,Phoenix,84793,88223
92,Iva Moose,90431,cashier,685,Phoenix,78145,36573
93,Iva Moose,62521,cashier,89479,Phoenix,65973,7616
94,Iva Moose,11329,cashier,498,Phoenix,83793,90101
95,Iva Moose,57834,cashier,45986,Phoenix,56484,16376
96,Iva Moose,77514,cashier,55424,Phoenix,1468,15645
97,Iva Moose,62942,cashier,96384,Phoenix,1848,29916
98,Iva Moose,23459,cashier,74187,Phoenix,17567,65828
99,Iva Moose,90964,cashier,97194,Phoenix,59661,75482
100,Iva Moose,34893,cashier,44177,Phoenix,67697,74847
101,Iva Moose,81908,cashier,32591,Phoenix,76686,40289
102,Iva Moose,17921,cashier,80692,Phoenix,37640,98959
103,Iva Moose,67720,cashier,33,Phoenix,88249,87069
104,Iva Moose,26788,cashier,16363,Phoenix,36593,29343
105,Iva Moose,61870,cashier,2425,Phoenix,75772,86142
106,Iva Moose,15127,cashier,62631,Phoenix,43597,50738
107,Iva Moose,44984,cashier,51113,Phoenix,86629,98041
108,Iva Moose,35219,cashier,41975,Phoenix,29980,71873
109,Iva Moose,97088,cashier,81378,Phoenix,91721,20935
110,Iva Moose,48178,cashier,72039,Phoenix,11307,74427
111,Iva Moose,5395,cashier,25117,Phoenix,8160,84038
112,Iva Moose,8603,cashier,88324,Phoenix,70381,43435
113,Iva Moose,19001,cashier,55446,Phoenix,43298,37239
114,Iva Moose,7918,cashier,44459,Phoenix,60713,32807
115,Iva Moose,3532,cashier,57794,Phoenix,16584,57423
116,Iva Moose,77730,cashier,35627,Phoenix,41317,61517
117,Iva Moose,58972,cashier,89556,Phoenix,16893,5092
118,Iva Moose,72322,cashier,54817,Phoenix,46861,41110
119,Iva Moose,37020,cashier,86447,Phoenix,9518,18210
120,Iva Moose,79575,cashier,96475,Phoenix,40246,16700
121,Iva Moose,98732,cashier,22098,Phoenix,64133,35700
122,Iva Moose,61332,cashier,94567,Phoenix,31642,85297
123,Iva Moose,56933,cashier,84862,Phoenix,84163,97317
124,Iva Moose,56601,cashier,69095,Phoenix,11127,9300
125,Iva Moose,5894,cashier,62673,Phoenix,9298,56263
126,Iva Moose,67481,cashier,64319,Phoenix,39729,48806
127,Iva Moose,21018,cashier,61291,Phoenix,23440,78294
128,Iva Moose,51407,cashier,34391,Phoenix,12177,65564
129,Iva Moose,80983,cashier,31898,Phoenix,32487,42241
130,Iva Moose,1462,cashier,39755,Phoenix,70783,55132
131,Iva Moose,89736,cashier,28873,Phoenix,74655,91950
132,Iva Moose,98120,cashier,14013,Phoenix,30458,11040
133,Iva Moose,77567,cashier,16518,Phoenix,4146,44145
134,Iva Moose,91320,cashier,7612,Phoenix,4306,766
135,Iva Moose,62123,cashier,87815,Phoenix,4173,44009
136,Iva Moose,40187,cashier,39450,Phoenix,34473,59464
137,Iva Moose,68289,cashier,38570,Phoenix,21,18937
138,Iva Moose,46721,cashier,36500,Phoenix,58969,36412
139,Iva Moose,77337,cashier,39422,Phoenix,44525,43371
140,Iva Moose,43020,cashier,14825,Phoenix,80746,20690
141,Iva Moose,42568,cashier,60141,Phoenix,28805,54623
142,Iva Moose,18505,cashier,10133,Phoenix,32840,62626
143,Iva Moose,87891,cashier,16354,Phoenix,21413,37658
144,Iva Moose,37598,cashier,72161,Phoenix,69349,65824
145,Iva Moose,91641,cashier,67052,Phoenix,82878,22690
146,Iva Moose,10610,cashier,61831,Phoenix,14391,3330
147,Iva Moose,92439,cashier,72018,Phoenix,86650,917
148,Iva Moose,75265,cashier,12273,Phoenix,54937,48223
149,Iva Moose,54398,cashier,23287,Phoenix,41964,53481
150,Iva Moose,68145,cashier,37931,Phoenix,78132,38443
151,Iva Moose,19617,cashier,78659,Phoenix,87886,91277
152,Iva Moose,24933,cashier,4456,Phoenix,16251,96046
153,Iva Moose,93490,cashier,39019,Phoenix,57306,149
154,Iva Moose,11711,cashier,56041,Phoenix,39550,71194
155,Iva Moose,20394,cashier,62179,Phoenix,35139,46094
156,Iva Moose,54777,cashier,1821,Phoenix,84925,19785
157,Iva Moose,26478,cashier,23720,Phoenix,69669,69843
158,Iva Moose,43089,cashier,87134,Phoenix,23175,22907
159,Iva Moose,57477,cashier,82403,Phoenix,75389,14833
160,Iva Moose,65617,cashier,34589,Phoenix,1289,63927
161,Iva Moose,71067,cashier,76424,Phoenix,40548,54880
162,Iva Moose,51787,cashier,670,Phoenix,68575,56588
163,Iva Moose,42607,cashier,80554,Phoenix,90404,88333
164,Iva Moose,43782,cashier,19472,Phoenix,21839,20983
165,Iva Moose,60531,cashier,62644,Phoenix,66790,7285
166,Iva Moose,71492,cashier,88552,Phoenix,81279,2978
167,Iva Moose,70388,cashier,41040,Phoenix,57328,46354
168,Iva Moose,65038,cashier,54671,Phoenix,72458,40911
169,Iva Moose,89917,cashier,29814,Phoenix,5668,13139
170,Iva Moose,61728,cashier,55480,Phoenix,98276,47541
171,Iva Moose,26263,cashier,82757,Phoenix,95174,47377
172,Iva Moose,65151,cashier,264,Phoenix,13918,58314
173,Iva Moose,7561,cashier,22146,Phoenix,37278,5698
174,Iva Moose,82449,cashier,94645,Phoenix,91091,80391
175,Iva Moose,74923,cashier,82253,Phoenix,63734,80595
176,Iva Moose,73869,cashier,99379,Phoenix,68773,60121
177,Iva Moose,19810,cashier,50752,Phoenix,59469,93178
178,Iva Moose,31941,cashier,51355,Phoenix,25406,1035
179,Iva Moose,62531,cashier,97290,Phoenix,97627,85190
180,Iva Moose,50709,cashier,59425,Phoenix,60673,93045
181,Iva Moose,78851,cashier,24288,Phoenix,31137,11878
182,Iva Moose,53657,cashier,15007,Phoenix,34163,65688
183,Iva Moose,66092,cashier,35392,Phoenix,681,65400
184,Iva Moose,11704,cashier,23656,Phoenix,81658,6393
185,Iva Moose,16091,cashier,23666,Phoenix,76261,72700
186,Iva Moose,4576,cashier,71129,Phoenix,71956,39526
187,Iva Moose,59087,cashier,83136,Phoenix,4142,14720
188,Iva Moose,22722,cashier,23424,Phoenix,35883,80862
189,Iva Moose,36089,cashier,75749,Phoenix,13640,23405
190,Iva Moose,28727,cashier,28256,Phoenix,24685,20405
191,Iva Moose,88541,cashier,19106,Phoenix,62435,9304
192,Iva Moose,80619,cashier,31038,Phoenix,17376,12005
193,Iva Moose,57780,cashier,47818,Phoenix,68675,69989
194,Iva Moose,34055,cashier,94081,Phoenix,70381,95969
195,Iva Moose,9879,cashier,53823,Phoenix,40673,84536
196,Iva Moose,81054,cashier,81417,Phoenix,57383,1946
197,Iva Moose,35218,cashier,50804,Phoenix,44366,11514
198,Iva Moose,56218,cashier,12604,Phoenix,60601,29721
199,Iva Moose,65610,cashier,59028,Phoenix,66510,30939
200,Iva Moose,93097,cashier,75689,Phoenix,38773,31170
201,Iva Moose,93631,cashier,51399,Phoenix,89405,19274
202,Iva Moose,82112,cashier,49733,Phoenix,78022,21407
203,Iva Moose,72190,cashier,12472,Phoenix,75621,29138
204,Iva Moose,71594,cashier,82761,Phoenix,32674,55382
205,Iva Moose,9491,cashier,64985,Phoenix,40034,59903
206,Iva Moose,17873,cashier,42311,Phoenix,81546,75724
207,Iva Moose,42694,cashier,54269,Phoenix,30127,39887
208,Iva Moose,1499,cashier,77886,Phoenix,13528,5964
209,Iva Moose,8816,cashier,77399,Phoenix,47236,98202
210,Iva Moose,88727,cashier,86730,Phoenix,18877,14694
211,Iva Moose,29662,cashier,72219,Phoenix,79672,78123
212,Iva Moose,2689,cashier,86227,Phoenix,72036,26656
213,Iva Moose,83216,cashier,6265,Phoenix,17649,4700
214,Iva Moose,10322,cashier,69379,Phoenix,99405,4590
215,Iva Moose,60705,cashier,97341,Phoenix,81583,21576
216,Iva Moose,12621,cashier,37176,Phoenix,92762,26932
217,Iva Moose,48067,cashier,8915,Phoenix,7957,50439
218,Iva Moose,95890,cashier,92196,Phoenix,17264,68333
219,Iva Moose,37582,cashier,76199,Phoenix,19104,44620
220,Iva Moose,70557,cashier,25874,Phoenix,56468,58369
221,Iva Moose,59399,cashier,22515,Phoenix,31888,87363
222,Iva Moose,63091,cashier,14864,Phoenix,28742,76681
223,Iva Moose,68566,cashier,929,Phoenix,75634,72521
224,Iva Moose,75231,cashier,22773,Phoenix,72791,32389
225,Iva Moose,15001,cashier,30935,Phoenix,94143,79789
226,Iva Moose,86860,cashier,33473,Phoenix,1888,12479
227,Iva Moose,92179,cashier,26755,Phoenix,23210,68990
228,Iva Moose,20530,cashier,19440,Phoenix,2500,33600
229,Iva Moose,43603,cashier,2743,Phoenix,93991,22931
230,Iva Moose,78080,cashier,53921,Phoenix,5890,99553
231,Iva Moose,57253,cashier,60502,Phoenix,61822,15683
232,Iva Moose,18076,cashier,94027,Phoenix,4672,91975
233,Iva Moose,7468,cashier,2901,Phoenix,23472,47509
234,Iva Moose,30316,cashier,98877,Phoenix,78730,59031
235,Iva Moose,12752,cashier,56956,Phoenix,50602,34617
236,Iva Moose,27728,cashier,7322,Phoenix,43057,22880
237,Iva Moose,30948,cashier,10271,Phoenix,95552,3269
238,Iva Moose,36267,cashier,35714,Phoenix,16239,36261
239,Iva Moose,3368,cashier,56556,Phoenix,41309,30804
240,Iva Moose,74886,cashier,60626,Phoenix,78777,10310
241,Iva Moose,90598,cashier,41630,Phoenix,86144,14352
242,Iva Moose,40317,cashier,29707,Phoenix,51004,28744
243,Iva Moose,91776,cashier,12528,Phoenix,8539,81742
244,Iva Moose,15023,cashier,15034,Phoenix,65236,64764
245,Iva Moose,14460,cashier,66053,Phoenix,9677,17414
246,Iva Moose,46174,cashier,545,Phoenix,23576,31619
247,Iva Moose,10987,cashier,23023,Phoenix,88556,58152
248,Iva Moose,87516,cashier,10131,Phoenix,39300,8435
249,Iva Moose,22998,cashier,96469,Phoenix,76756,90553
250,Iva Moose,99998,cashier,77695,Phoenix,9088,55394
251,Iva Moose,89913,cashier,43218,Phoenix,69711,41731
252,Iva Moose,30688,cashier,54962,Phoenix,81235,42471
253,Iva Moose,98886,cashier,51083,Phoenix,12087,32161
254,Iva Moose,9048,cashier,10675,Phoenix,13379,95027
255,Iva Moose,93751,cashier,31862,Phoenix,91506,8983
256,Iva Moose,94226,cashier,30655,Phoenix,47583,34825
257,Iva Moose,4994,cashier,55218,Phoenix,87375,67620
258,Iva Moose,90341,cashier,44879,Phoenix,33075,34775
259,Iva Moose,56711,cashier,56136,Phoenix,24654,23047
260,Iva Moose,68323,cashier,47462,Phoenix,45915,99522
261,Iva Moose,98260,cashier,30108,Phoenix,76872,57758
262,Iva Moose,49857,cashier,49021,Phoenix,29192,31055
263,Iva Moose,39371,cashier,47475,Phoenix,54961,16681
264,Iva Moose,54729,cashier,10469,Phoenix,91880,41668
265,Iva Moose,16698,cashier,58183,Phoenix,4758,37059
266,Iva Moose,87037,cashier,31526,Phoenix,5664,40288
267,Iva Moose,78115,cashier,91550,Phoenix,74179,55203
268,Iva Moose,66810,cashier,858,Phoenix,98506,46033
269,Iva Moose,28749,cashier,54413,Phoenix,94418,47000
270,Iva Moose,11351,cashier,35840,Phoenix,13133,56806
271,Iva Moose,68203,cashier,18130,Phoenix,35708,86368
272,Iva Moose,22674,cashier,71437,Phoenix,20276,51032
273,Iva Moose,81698,cashier,98151,Phoenix,46483,58229
274,Iva Moose,2717,cashier,63195,Phoenix,56897,40823
275,Iva Moose,46205,cashier,21741,Phoenix,98064,51714
276,Iva Moose,80945,cashier,23248,Phoenix,31354,51491
277,Iva Moose,3296,cashier,70096,Phoenix,45461,23731
278,Iva Moose,65829,cashier,70149,Phoenix,31079,40268
279,Iva Moose,20775,cashier,23539,Phoenix,59372,2064
280,Iva Moose,55224,cashier,93623,Phoenix,69508,33185
281,Iva Moose,39285,cashier,28958,Phoenix,88905,12238
282,Iva Moose,46150,cashier,36561,Phoenix,93373,50498
283,Iva Moose,11673,cashier,30559,Phoenix,32770,78748
284,Iva Moose,2762,cashier,65216,Phoenix,29985,13030
285,Iva Moose,58700,cashier,84505,Phoenix,30648,91505
286,Iva Moose,94079,cashier,46160,Phoenix,29375,75611
287,Iva Moose,14976,cashier,55689,Phoenix,12852,58604
288,Iva Moose,89373,cashier,42870,Phoenix,69180,88813
289,Iva Moose,54856,cashier,79973,Phoenix,25451,91053
290,Iva Moose,84736,cashier,738,Phoenix,37926,4852
291,Iva Moose,74816,cashier,45257,Phoenix,92239,17118
292,Iva Moose,78007,cashier,97945,Phoenix,39464,95944
293,Iva Moose,14230,cashier,11037,Phoenix,59340,17141
294,Iva Moose,73022,cashier,55357,Phoenix,98010,40537
295,Iva Moose,28853,cashier,46434,Phoenix,83222,34446
296,Iva Moose,26525,cashier,88084,Phoenix,49553,34516
297,Iva Moose,12178,cashier,79566,Phoenix,16307,68024
298,Iva Moose,10865,cashier,89967,Phoenix,72569,37902
299,Iva Moose,73277,cashier,12640,Phoenix,67726,24494
300,Iva Moose,42185,cashier,24470,Phoenix,50965,85082
301,Iva Moose,31700,cashier,50124,Phoenix,91061,65773
302,Iva Moose,12963,cashier,48567,Phoenix,31654,1029
303,Iva Moose,45687,cashier,54909,Phoenix,50758,54720
304,Iva Moose,37588,cashier,25724,Phoenix,2933,32354
305,Iva Moose,15488,cashier,54617,Phoenix,84075,6119
306,Iva Moose,54933,cashier,28692,Phoenix,53539,45982
307,Iva Moose,41576,cashier,30951,Phoenix,20583,46819
308,Iva Moose,98852,cashier,2776,Phoenix,20744,82705
309,Iva Moose,83406,cashier,32386,Phoenix,18730,31736
310,Iva Moose,72982,cashier,1651,Phoenix,53224,1919
311,Iva Moose,54676,cashier,31936,Phoenix,47822,12656
312,Iva Moose,44914,cashier,64039,Phoenix,34921,74212
313,Iva Moose,39996,cashier,16504,Phoenix,29661,72195
314,Iva Moose,72892,cashier,89936,Phoenix,1661,85351
315,Iva Moose,88886,cashier,83366,Phoenix,4456,97289
316,Iva Moose,11274,cashier,68333,Phoenix,74403,80976
317,Iva Moose,88775,cashier,19064,Phoenix,43373,53032
318,Iva Moose,20560,cashier,72422,Phoenix,81133,88254
319,Iva Moose,61239,cashier,49551,Phoenix,86236,84423
320,Iva Moose,77045,cashier,50011,Phoenix,53818,12677
321,Iva Moose,27855,cashier,80565,Phoenix,96552,38417
322,Iva Moose,64808,cashier,24307,Phoenix,89485,7165
323,Iva Moose,15327,cashier,56795,Phoenix,37145,86590
324,Iva Moose,11075,cashier,89051,Phoenix,49906,34796
325,Iva Moose,94703,cashier,57029,Phoenix,44759,41028
326,Iva Moose,59637,cashier,94965,Phoenix,65115,95969
327,Iva Moose,30544,cashier,25087,Phoenix,36965,14797
328,Iva Moose,3418,cashier,56601,Phoenix,45949,27733
329,Iva Moose,24537,cashier,37863,Phoenix,67733,98562
330,Iva Moose,13743,cashier,65283,Phoenix,20592,70248
331,Iva Moose,35641,cashier,5995,Phoenix,71152,56133
332,Iva Moose,4098,cashier,44425,Phoenix,93821,25928
333,Iva Moose,38994,cashier,21224,Phoenix,6625,47725
334,Iva Moose,9907,cashier,59953,Phoenix,56098,20931
335,Iva Moose,97549,cashier,27065,Phoenix,4183,6947
336,Iva Moose,10121,cashier,35025,Phoenix,77966,95990
337,Iva Moose,49750,cashier,50003,Phoenix,7517,1153
338,Iva Moose,59054,cashier,15882,Phoenix,50061,19233
339,Iva Moose,71578,cashier,44164,Phoenix,89711,82325
340,Iva Moose,26037,cashier,43623,Phoenix,2680,28478
341,Iva Moose,94741,cashier,78247,Phoenix,49581,4406
342,Iva Moose,65708,cashier,73678,Phoenix,93087,33910
343,Iva Moose,80016,cashier,15692,Phoenix,46335,52156
344,Iva Moose,16513,cashier,520,Phoenix,92432,96300
345,Iva Moose,51405,cashier,11488,Phoenix,26871,78867
346,Iva Moose,95023,cashier,31954,Phoenix,92471,26573
347,Iva Moose,53189,cashier,2043,Phoenix,26980,19683
348,Iva Moose,57136,cashier,13030,Phoenix,2822,21678
349,Iva Moose,67461,cashier,98850,Phoenix,74093,44498
350,Iva Moose,74696,cashier,42559,Phoenix,54424,70035
351,Iva Moose,41426,cashier,27913,Phoenix,56606,57849
352,Iva Moose,43632,cashier,45704,Phoenix,1940,56045
353,Iva Moose,23356,cashier,77103,Phoenix,77560,81604
354,Iva Moose,52275,cashier,26850,Phoenix,90853,32700
355,Iva Moose,97633,cashier,15423,Phoenix,85645,73241
356,Iva Moose,25779,cashier,72818,Phoenix,9413,16019
357,Iva Moose,70482,cashier,79627,Phoenix,34777,1833
358,Iva Moose,50262,cashier,3609,Phoenix,40981,51162
359,Iva Moose,86275,cashier,57315,Phoenix,70728,53065
360,Iva Moose,64572,cashier,3501,Phoenix,96774,13692
361,Iva Moose,63437,cashier,53987,Phoenix,29217,768
362,Iva Moose,17320,cashier,80378,Phoenix,87052,7162
363,Iva Moose,52733,cashier,63610,Phoenix,32682,58954
364,Iva Moose,20666,cashier,82289,Phoenix,12267,59459
365,Iva Moose,55084,cashier,91991,Phoenix,17019,46264
366,Iva Moose,58271,cashier,20719,Phoenix,65201,75283
367,Iva Moose,88277,cashier,88804,Phoenix,19218,39347
368,Iva Moose,10958,cashier,51388,Phoenix,19671,63262
369,Iva Moose,17095,cashier,31833,Phoenix,93011,59367
370,Iva Moose,50943,cashier,47984,Phoenix,15656,88936
371,Iva Moose,98600,cashier,2154,Phoenix,61712,94966
372,Iva Moose,89124,cashier,60203,Phoenix,87876,51636
373,Iva Moose,76225,cashier,54103,Phoenix,10545,20287
374,Iva Moose,61872,cashier,83156,Phoenix,29847,51600
375,Iva Moose,892,cashier,1979,Phoenix,99079,14662
376,Iva Moose,58947,cashier,65270,Phoenix,86037,82557
377,Iva Moose,81208,cashier,67213,Phoenix,6086,3297
378,Iva Moose,12571,cashier,28128,Phoenix,39751,26441
379,Iva Moose,78643,cashier,93179,Phoenix,73391,95455
380,Iva Moose,30484,cashier,38980,Phoenix,31595,8152
381,Iva Moose,40266,cashier,53197,Phoenix,2701,21287
382,Iva Moose,72660,cashier,50110,Phoenix,66173,92759
383,Iva Moose,73999,cashier,96006,Phoenix,4772,76176
384,Iva Moose,33800,cashier,57161,Phoenix,82804,67185
385,Iva Moose,37233,cashier,31969,Phoenix,93304,43202
386,Iva Moose,94006,cashier,46599,Phoenix,89202,52711
387,Iva Moose,87881,cashier,79143,Phoenix,29245,90712
388,Iva Moose,50015,cashier,96774,Phoenix,83804,26252
389,Iva Moose,70207,cashier,27174,Phoenix,83317,91376
390,Iva Moose,84562,cashier,88957,Phoenix,80948,43619
391,Iva Moose,41872,cashier,48110,Phoenix,5962,52873
392,Iva Moose,6320,cashier,42737,Phoenix,56079,72586
393,Iva Moose,53978,cashier,38840,Phoenix,25212,28953
394,Iva Moose,99878,cashier,26963,Phoenix,47471,18060
395,Iva Moose,90435,cashier,9787,Phoenix,70185,89721
396,Iva Moose,36975,cashier,33429,Phoenix,36534,35199
397,Iva Moose,27616,cashier,50751,Phoenix,25281,8447
398,Iva Moose,29340,cashier,10436,Phoenix,23392,45904
399,Iva Moose,20918,cashier,63307,Phoenix,2888,97149
400,Iva Moose,39327,cashier,25054,Phoenix,32149,41194
401,Iva Moose,61121,cashier,41337,Phoenix,46996,27031
402,Iva Moose,79900,cashier,35375,Phoenix,11083,59929
403,Iva Moose,81924,cashier,3670,Phoenix,86625,98023
404,Iva Moose,44457,cashier,10671,Phoenix,6814,494
405,Iva Moose,37974,cashier,83965,Phoenix,80638,28515
406,Iva Moose,14868,cashier,29477,Phoenix,48015,59644
407,Iva Moose,97506,cashier,94238,Phoenix,65,67667
408,Iva Moose,94978,cashier,78031,Phoenix,74697,42510
409,Iva Moose,31892,cashier,81241,Phoenix,89624,29852
410,Iva Moose,35120,cashier,3160,Phoenix,80379,51610
411,Iva Moose,42635,cashier,95350,Phoenix,1982,64561
412,Iva Moose,79886,cashier,45651,Phoenix,50210,99546
413,Iva Moose,14424,cashier,5633,Phoenix,39371,90469
414,Iva Moose,94924,cashier,49398,Phoenix,9890,18094
415,Iva Moose,43903,cashier,71184,Phoenix,90975,56712
416,Iva Moose,84493,cashier,78325,Phoenix,52236,39411
417,Iva Moose,38754,cashier,61846,Phoenix,29303,49838
418,Iva Moose,53445,cashier,73540,Phoenix,59876,44170
419,Iva Moose,20750,cashier,77567,Phoenix,50288,49613
420,Iva Moose,82605,cashier,37600,Phoenix,63768,33677
421,Iva Moose,39156,cashier,59672,Phoenix,38524,80722
422,Iva Moose,94939,cashier,75372,Phoenix,80859,37379
423,Iva Moose,30731,cashier,74424,Phoenix,63144,3570
424,Iva Moose,70942,cashier,63465,Phoenix,94591,11777
425,Iva Moose,12013,cashier,67714,Phoenix,26248,62418
426,Iva Moose,58744,cashier,16806,Phoenix,9517,71799
427,Iva Moose,21660,cashier,72656,Phoenix,17981,1438
428,Iva Moose,9658,cashier,63397,Phoenix,86630,18289
429,Iva Moose,52082,cashier,22326,Phoenix,15569,80134
430,Iva Moose,89991,cashier,60566,Phoenix,78910,88325
431,Iva Moose,97462,cashier,51053,Phoenix,92497,27451
432,Iva Moose,63078,cashier,97630,Phoenix,9204,47245
433,Iva Moose,94346,cashier,94744,Phoenix,93056,47010
434,Iva Moose,27695,cashier,35059,Phoenix,22457,89579
435,Iva Moose,56094,cashier,75418,Phoenix,62636,68025
436,Iva Moose,66184,cashier,93508,Phoenix,55709,15531
437,Iva Moose,94308,cashier,42989,Phoenix,98235,70213
438,Iva Moose,6619,cashier,19510,Phoenix,13087,20000
439,Iva Moose,85297,cashier,96587,Phoenix,46288,72282
440,Iva Moose,41550,cashier,95442,Phoenix,53748,89615
441,Iva Moose,93565,cashier,25109,Phoenix,42290,50562
442,Iva Moose,11688,cashier,33055,Phoenix,82341,6004
443,Iva Moose,62484,cashier,81767,Phoenix,87775,82234
444,Iva Moose,18456,cashier,19107,Phoenix,49580,14471
445,Iva Moose,47988,cashier,11785,Phoenix,72229,85781
446,Iva Moose,54997,cashier,98342,Phoenix,70902,62337
447,Iva Moose,66811,cashier,27591,Phoenix,83759,61919
448,Iva Moose,10905,cashier,7134,Phoenix,13959,14670
449,Iva Moose,86982,cashier,52648,Phoenix,65618,9547
450,Iva Moose,46812,cashier,20158,Phoenix,16237,42726
451,Iva Moose,12733,cashier,76641,Phoenix,76505,30834
452,Iva Moose,53121,cashier,76320,Phoenix,68739,39137
453,Iva Moose,30656,cashier,87798,Phoenix,21649,25859
454,Iva Moose,64839,cashier,76894,Phoenix,76975,1110
455,Iva Moose,29023,cashier,79236,Phoenix,1880,48
456,Iva Moose,46283,cashier,44358,Phoenix,99620,87887
457,Iva Moose,10930,cashier,20668,Phoenix,44946,32346
458,Iva Moose,29064,cashier,84577,Phoenix,77591,74218
459,Iva Moose,62217,cashier,70132,Phoenix,85741,93176
460,Iva Moose,45525,cashier,54556,Phoenix,68963,40826
461,Iva Moose,69994,cashier,35725,Phoenix,11846,49300
462,Iva Moose,66533,cashier,15073,Phoenix,59681,28785
463,Iva Moose,41013,cashier,93683,Phoenix,70625,72004
464,Iva Moose,13328,cashier,44756,Phoenix,29386,35729
465,Iva Moose,97306,cashier,98525,Phoenix,98384,91357
466,Iva Moose,61142,cashier,74626,Phoenix,46044,4257
467,Iva Moose,17298,cashier,76525,Phoenix,71734,1735
468,Iva Moose,74836,cashier,14757,Phoenix,74750,3310
469,Iva Moose,55169,cashier,39912,Phoenix,37069,7254
470,Iva Moose,86304,cashier,13379,Phoenix,55031,16832
471,Iva Moose,6199,cashier,95059,Phoenix,84269,96481
472,Iva Moose,58400,cashier,20867,Phoenix,98105,89768
473,Iva Moose,82155,cashier,85039,Phoenix,72655,71577
474,Iva Moose,82853,cashier,78806,Phoenix,63541,90556
475,Iva Moose,16893,cashier,4945,Phoenix,62272,9741
476,Iva Moose,75993,cashier,56735,Phoenix,34211,84351
477,Iva Moose,60697,cashier,97340,Phoenix,77866,24220
478,Iva Moose,27828,cashier,48998,Phoenix,28542,39602
479,Iva Moose,80587,cashier,65729,Phoenix,51216,14909
480,Iva Moose,26356,cashier,779,Phoenix,58768,42870
481,Iva Moose,35046,cashier,34925,Phoenix,75154,4962
482,Iva Moose,93738,cashier,20418,Phoenix,28534,91954
483,Iva Moose,60622,cashier,22643,Phoenix,68362,92419
484,Iva Moose,2667,cashier,2571,Phoenix,32336,6120
485,Iva Moose,76839,cashier,91739,Phoenix,51898,88723
486,Iva Moose,92511,cashier,64943,Phoenix,51991,89537
487,Iva Moose,98847,cashier,86414,Phoenix,33375,17096
488,Iva Moose,13260,cashier,71817,Phoenix,3967,56375
489,Iva Moose,76175,cashier,71836,Phoenix,33981,4363
490,Iva Moose,21853,cashier,61151,Phoenix,1296,32819
491,Iva Moose,83968,cashier,31027,Phoenix,88888,96304
492,Iva Moose,58997,cashier,91523,Phoenix,68558,51428
493,Iva Moose,4855,cashier,876,Phoenix,37951,25157
494,Iva Moose,57809,cashier,47961,Phoenix,91074,4310
495,Iva Moose,58477,cashier,87150,Phoenix,97390,54108
496,Iva Moose,93885,cashier,96267,Phoenix,43727,78326
497,Iva Moose,50927,cashier,52436,Phoenix,69965,84253
498,Iva Moose,33452,cashier,9886,Phoenix,32876,55922
499,Iva Moose,42524,cashier,38604,Phoenix,95443,43175
500,Iva Moose,23537,cashier,4446,Phoenix,81075,58873
501,Iva Moose,26042,cashier,5568,Phoenix,77118,17235
502,Iva Moose,24999,cashier,29484,Phoenix,29899,57947
503,Iva Moose,4625,cashier,68644,Phoenix,30680,3892
504,Iva Moose,76326,cashier,19342,Phoenix,92925,96441
505,Iva Moose,60762,cashier,13727,Phoenix,95663,21365
506,Iva Moose,58237,cashier,28525,Phoenix,3940,21935
507,Iva Moose,76665,cashier,54553,Phoenix,6487,58194
508,Iva Moose,73268,cashier,19240,Phoenix,68497,99866
509,Iva Moose,66695,cashier,48275,Phoenix,90943,78701
510,Iva Moose,27513,cashier,54966,Phoenix,90757,58482
511,Iva Moose,72014,cashier,75701,Phoenix,30127,91232
512,Iva Moose,71440,cashier,81079,Phoenix,13505,55989
513,Iva Moose,7717,cashier,8760,Phoenix,26878,63357
514,Iva Moose,90084,cashier,62629,Phoenix,26813,22998
515,Iva Moose,88088,cashier,87325,Phoenix,67238,39187
516,Iva Moose,22507,cashier,95094,Phoenix,35264,75366
517,Iva Moose,90040,cashier,77617,Phoenix,58797,94176
518,Iva Moose,56905,cashier,99743,Phoenix,21195,79369
519,Iva Moose,66014,cashier,9436,Phoenix,27861,56445
520,Iva Moose,41035,cashier,69771,Phoenix,5835,55241
521,Iva Moose,19792,cashier,57790,Phoenix,1140,27333
522,Iva Moose,22615,cashier,46849,Phoenix,40071,17039
523,Iva Moose,22507,cashier,90804,Phoenix,36181,26454
524,Iva Moose,5070,cashier,85087,Phoenix,75630,95551
525,Iva Moose,85327,cashier,31497,Phoenix,99509,6375
526,Iva Moose,4942,cashier,88477,Phoenix,52914,85456
527,Iva Moose,24828,cashier,59285,Phoenix,37104,96893
528,Iva Moose,15001,cashier,9813,Phoenix,41163,58495
529,Iva Moose,75167,cashier,67214,Phoenix,96563,19322
530,Iva Moose,14167,cashier,61831,Phoenix,20593,35390
531,Iva Moose,37542,cashier,85681,Phoenix,76259,3928
532,Iva Moose,22475,cashier,41851,Phoenix,25250,31229
533,Iva Moose,30790,cashier,39118,Phoenix,66643,90284
534,Iva Moose,88868,cashier,29062,Phoenix,51447,41424
535,Iva Moose,7556,cashier,53971,Phoenix,96806,7518
536,Iva Moose,82268,cashier,68008,Phoenix,73145,12298
537,Iva Moose,79073,cashier,84726,Phoenix,84034,48014
538,Iva Moose,70732,cashier,5543,Phoenix,50125,85198
539,Iva Moose,9184,cashier,67587,Phoenix,51337,67604
540,Iva Moose,90234,cashier,34913,Phoenix,97629,6112
541,Iva Moose,49478,cashier,1753,Phoenix,89014,49958
542,Iva Moose,95636,cashier,97784,Phoenix,67736,1786
543,Iva Moose,64363,cashier,8388,Phoenix,5672,40490
544,Iva Moose,94766,cashier,11234,Phoenix,32755,19863
545,Iva Moose,62254,cashier,68799,Phoenix,88862,19527
546,Iva Moose,5808,cashier,31451,Phoenix,94889,19045
547,Iva Moose,51797,cashier,17254,Phoenix,57480,26397
548,Iva Moose,39003,cashier,83110,Phoenix,76129,39470
549,Iva Moose,54646,cashier,48135,Phoenix,33992,44399
550,Iva Moose,8746,cashier,22191,Phoenix,91633,96504
551,Iva Moose,91214,cashier,96714,Phoenix,62940,76722
552,Iva Moose,61609,cashier,41606,Phoenix,37131,93764
553,Iva Moose,99101,cashier,52524,Phoenix,49534,44163
554,Iva Moose,92314,cashier,26367,Phoenix,34017,81364
555,Iva Moose,40853,cashier,49791,Phoenix,99003,9566
556,Iva Moose,84492,cashier,57317,Phoenix,18970,12395
557,Iva Moose,57044,cashier,73442,Phoenix,65820,97202
558,Iva Moose,119,cashier,99854,Phoenix,65970,64786
559,Iva Moose,81655,cashier,85415,Phoenix,34784,94411
560,Iva Moose,94322,cashier,2750,Phoenix,2945,9121
561,Iva Moose,77240,cashier,54971,Phoenix,40323,41711
562,Iva Moose,2526,cashier,9452,Phoenix,19769,78892
563,Iva Moose,29171,cashier,97943,Phoenix,6432,34320
564,Iva Moose,66019,cashier,45060,Phoenix,17187,836
565,Iva Moose,90917,cashier,91566,Phoenix,88768,25164
566,Iva Moose,33727,cashier,52235,Phoenix,63852,4823
567,Iva Moose,82148,cashier,87059,Phoenix,25437,99325
568,Iva Moose,57080,cashier,8615,Phoenix,57611,14480
569,Iva Moose,78987,cashier,53911,Phoenix,34846,49594
570,Iva Moose,14040,cashier,33337,Phoenix,18711,45608
571,Iva Moose,26913,cashier,63079,Phoenix,7794,51632
572,Iva Moose,60513,cashier,86056,Phoenix,74054,30699
573,Iva Moose,65284,cashier,10687,Phoenix,30484,75725
574,Iva Moose,64794,cashier,74992,Phoenix,27810,41911
575,Iva Moose,68824,cashier,96283,Phoenix,54752,51181
576,Iva Moose,29927,cashier,68919,Phoenix,81492,28689
577,Iva Moose,76572,cashier,37150,Phoenix,32488,68532
578,Iva Moose,34022,cashier,89643,Phoenix,28806,85869
579,Iva Moose,3391,cashier,57654,Phoenix,38904,15142
580,Iva Moose,23171,cashier,78670,Phoenix,19182,14228
581,Iva Moose,48347,cashier,6077,Phoenix,41600,5979
582,Iva Moose,51244,cashier,61246,Phoenix,33226,59723
583,Iva Moose,9595,cashier,46424,Phoenix,35895,14624
584,Iva Moose,80641,cashier,13498,Phoenix,73461,56692
585,Iva Moose,86363,cashier,64798,Phoenix,4918,4488
586,Iva Moose,26125,cashier,73006,Phoenix,31499,59031
587,Iva Moose,29963,cashier,30425,Phoenix,44488,88652
588,Iva Moose,77376,cashier,92222,Phoenix,98146,12885
589,Iva Moose,38558,cashier,51683,Phoenix,16267,50787
590,Iva Moose,36816,cashier,50858,Phoenix,8045,10111
591,Iva Moose,18040,cashier,3596,Phoenix,38345,85407
592,Iva Moose,83552,cashier,97482,Phoenix,24190,14385
593,Iva Moose,77824,cashier,8876,Phoenix,6454,62387
594,Iva Moose,43908,cashier,63883,Phoenix,62869,43588
595,Iva Moose,80895,cashier,10133,Phoenix,7365,83437
596,Iva Moose,20212,cashier,90909,Phoenix,21085,52398
597,Iva Moose,9021,cashier,93286,Phoenix,4200,51775
598,Iva Moose,62649,cashier,54080,Phoenix,92854,68007
599,Iva Moose,65940,cashier,73580,Phoenix,3636,49328
600,Iva Moose,67434,cashier,68362,Phoenix,15834,56874
601,Iva Moose,36244,cashier,36723,Phoenix,50968,40754
602,Iva Moose,16671,cashier,84389,Phoenix,53888,44368
603,Iva Moose,14486,cashier,61777,Phoenix,26447,21283
604,Iva Moose,4266,cashier,55451,Phoenix,65502,4773
605,Iva Moose,87779,cashier,71259,Phoenix,84859,92921
606,Iva Moose,57059,cashier,79196,Phoenix,78490,37099
607,Iva Moose,59452,cashier,56425,Phoenix,13822,78325
608,Iva Moose,24469,cashier,40097,Phoenix,51868,5379
609,Iva Moose,64669,cashier,2150,Phoenix,99880,25788
610,Iva Moose,25460,cashier,40634,Phoenix,82080,38142
611,Iva Moose,71203,cashier,42123,Phoenix,32572,50406
612,Iva Moose,99518,cashier,40396,Phoenix,66705,19178
613,Iva Moose,71710,cashier,41602,Phoenix,25550,44503
614,Iva Moose,22153,cashier,1826,Phoenix,49756,31359
615,Iva Moose,68958,cashier,80413,Phoenix,58033,83699
616,Iva Moose,92404,cashier,14082,Phoenix,6147,87375
617,Iva Moose,94881,cashier,93814,Phoenix,22909,21581
618,Iva Moose,49584,cashier,60725,Phoenix,17406,33414
619,Iva Moose,61162,cashier,55682,Phoenix,91779,645
620,Iva Moose,1939,cashier,30370,Phoenix,6549,99640
621,Iva Moose,89364,cashier,19129,Phoenix,7963,90346
622,Iva Moose,9924,cashier,39676,Phoenix,75884,19615
623,Iva Moose,88433,cashier,45908,Phoenix,81942,81823
624,Iva Moose,22223,cashier,15726,Phoenix,38635,72231
625,Iva Moose,54158,cashier,57399,Phoenix,92620,61552
626,Iva Moose,78462,cashier,70478,Phoenix,57137,88026
627,Iva Moose,22337,cashier,93194,Phoenix,70632,90284
628,Iva Moose,85471,cashier,53093,Phoenix,50113,12625
629,Iva Moose,33697,cashier,63509,Phoenix,91154,66220
630,Iva Moose,36418,cashier,30300,Phoenix,80587,73722
631,Iva Moose,26127,cashier,99698,Phoenix,52470,85242
632,Iva Moose,18088,cashier,60347,Phoenix,22429,90692
633,Iva Moose,48,cashier,22821,Phoenix,48182,86989
634,Iva Moose,52840,cashier,94451,Phoenix,21615,51462
635,Iva Moose,75895,cashier,45951,Phoenix,65037,4715
636,Iva Moose,84,cashier,45391,Phoenix,24107,37661
637,Iva Moose,56921,cashier,81500,Phoenix,78575,17355
638,Iva Moose,27828,cashier,80960,Phoenix,18011,36834
639,Iva Moose,96810,cashier,72256,Phoenix,59885,39942
640,Iva Moose,14521,cashier,50088,Phoenix,77708,88355
641,Iva Moose,11309,cashier,72921,Phoenix,13925,127
642,Iva Moose,82246,cashier,30397,Phoenix,22180,62189
643,Iva Moose,50793,cashier,72028,Phoenix,52359,51454
644,Iva Moose,80447,cashier,61520,Phoenix,6836,76756
645,Iva Moose,2272,cashier,571,Phoenix,37365,37238
646,Iva Moose,96459,cashier,37880,Phoenix,1806,31605
647,Iva Moose,73384,cashier,13934,Phoenix,1305,90036
648,Iva Moose,64780,cashier,53351,Phoenix,49372,37423
649,Iva Moose,82197,cashier,32885,Phoenix,99825,79407
650,Iva Moose,23950,cashier,14336,Phoenix,68728,10884
651,Iva Moose,9105,cashier,32383,Phoenix,53489,71090
652,Iva Moose,47984,cashier,92434,Phoenix,68503,4176
653,Iva Moose,11134,cashier,46717,Phoenix,45556,38048
654,Iva Moose,29100,cashier,68935,Phoenix,84941,89168
655,Iva Moose,34769,cashier,81044,Phoenix,49862,53421
656,Iva Moose,55116,cashier,30288,Phoenix,13252,73948
657,Iva Moose,81058,cashier,66918,Phoenix,39678,49465
658,Iva Moose,28863,cashier,28180,Phoenix,81818,4086
659,Iva Moose,39311,cashier,22253,Phoenix,51615,31682
660,Iva Moose,16235,cashier,18820,Phoenix,33512,8672
661,Iva Moose,64172,cashier,31058,Phoenix,20147,6391
662,Iva Moose,31731,cashier,7034,Phoenix,61861,20678
663,Iva Moose,87468,cashier,98257,Phoenix,34368,11564
664,Iva Moose,83689,cashier,51224,Phoenix,12182,84344
665,Iva Moose,27601,cashier,62128,Phoenix,39699,57151
666,Iva Moose,64058,cashier,43420,Phoenix,62702,25130
667,Iva Moose,1396,cashier,43185,Phoenix,77291,527
668,Iva Moose,42271,cashier,75847,Phoenix,9297,94118
669,Iva Moose,37535,cashier,5308,Phoenix,75353,16515
670,Iva Moose,99776,cashier,28664,Phoenix,1107,70875
671,Iva Moose,77479,cashier,61083,Phoenix,38566,29803
672,Iva Moose,86986,cashier,38057,Phoenix,89827,38238
673,Iva Moose,21168,cashier,22246,Phoenix,88956,65081
674,Iva Moose,24434,cashier,37282,Phoenix,34586,89835
675,Iva Moose,70714,cashier,63598,Phoenix,15676,17488
676,Iva Moose,2148,cashier,70653,Phoenix,19033,41979
677,Iva Moose,58273,cashier,8225,Phoenix,44022,85529
678,Iva Moose,60570,cashier,11470,Phoenix,59394,212
679,Iva Moose,51447,cashier,35091,Phoenix,26273,10800
680,Iva Moose,39565,cashier,1011,Phoenix,42034,63841
681,Iva Moose,28539,cashier,30627,Phoenix,98690,19970
682,Iva Moose,14338,cashier,67764,Phoenix,47848,1223
683,Iva Moose,19308,cashier,77555,Phoenix,35852,60698
684,Iva Moose,8721,cashier,9439,Phoenix,77731,71953
685,Iva Moose,16246,cashier,43342,Phoenix,15500,38194
686,Iva Moose,10291,cashier,10595,Phoenix,23901,10633
687,Iva Moose,7621,cashier,72415,Phoenix,49530,77243
688,Iva Moose,9711,cashier,48938,Phoenix,63627,73297
689,Iva Moose,30474,cashier,98094,Phoenix,68183,66565
690,Iva Moose,97155,cashier,585,Phoenix,26259,54461
691,Iva Moose,26193,cashier,29899,Phoenix,93032,14653
692,Iva Moose,67241,cashier,14929,Phoenix,32447,68967
693,Iva Moose,17103,cashier,92915,Phoenix,7040,26428
694,Iva Moose,67275,cashier,94101,Phoenix,73229,78446
695,Iva Moose,7753,cashier,42376,Phoenix,6394,85222
696,Iva Moose,95405,cashier,52095,Phoenix,16965,46806
697,Iva Moose,43829,cashier,18655,Phoenix,53151,77403
698,Iva Moose,39241,cashier,12034,Phoenix,73744,87039
699,Iva Moose,30508,cashier,10495,Phoenix,41486,778
700,Iva Moose,73925,cashier,55886,Phoenix,54969,94066
701,Iva Moose,75488,cashier,95647,Phoenix,48445,95829
702,Iva Moose,56323,cashier,28858,Phoenix,47881,87568
703,Iva Moose,45067,cashier,39236,Phoenix,24828,57466
704,Iva Moose,24895,cashier,36339,Phoenix,21944,15570
705,Iva Moose,89439,cashier,42281,Phoenix,58052,38391
706,Iva Moose,70583,cashier,10152,Phoenix,13247,48256
707,Iva Moose,37662,cashier,59199,Phoenix,65316,35086
708,Iva Moose,61556,cashier,16504,Phoenix,86955,75943
709,Iva Moose,27371,cashier,43658,Phoenix,92879,34681
710,Iva Moose,12544,cashier,66055,Phoenix,51606,36984
711,Iva Moose,12706,cashier,13655,Phoenix,79064,32304
712,Iva Moose,51738,cashier,22011,Phoenix,36905,20726
713,Iva Moose,68253,cashier,45137,Phoenix,98434,20330
714,Iva Moose,20837,cashier,91719,Phoenix,42050,38888
715,Iva Moose,8652,cashier,22145,Phoenix,12104,51135
716,Iva Moose,14145,cashier,47039,Phoenix,20039,43082
717,Iva Moose,92728,cashier,54015,Phoenix,54584,16547
718,Iva Moose,40104,cashier,78700,Phoenix,55086,3729
719,Iva Moose,36344,cashier,26045,Phoenix,25457,44225
720,Iva Moose,90075,cashier,9136,Phoenix,15868,37502
721,Iva Moose,78273,cashier,22239,Phoenix,30835,27554
722,Iva Moose,10782,cashier,75045,Phoenix,5052,96954
723,Iva Moose,9008,cashier,23087,Phoenix,53880,3698
724,Iva Moose,4974,cashier,92736,Phoenix,96122,60342
725,Iva Moose,7287,cashier,58668,Phoenix,89848,88548
726,Iva Moose,60880,cashier,52949,Phoenix,98614,35087
727,Iva Moose,53200,cashier,506,Phoenix,77255,26711
728,Iva Moose,72341,cashier,20088,Phoenix,81368,76268
729,Iva Moose,74132,cashier,73617,Phoenix,69095,9075
730,Iva Moose,23626,cashier,10829,Phoenix,16339,13600
731,Iva Moose,28025,cashier,43773,Phoenix,26572,28367
732,Iva Moose,21553,cashier,99191,Phoenix,31279,65722
733,Iva Moose,17967,cashier,17134,Phoenix,99646,8068
734,Iva Moose,55426,cashier,60066,Phoenix,62056,91226
735,Iva Moose,81871,cashier,87061,Phoenix,60381,16939
736,Iva Moose,15873,cashier,78060,Phoenix,99602,27739
737,Iva Moose,35361,cashier,50452,Phoenix,58806,38045
738,Iva Moose,24625,cashier,72656,Phoenix,23353,52718
739,Iva Moose,81354,cashier,61793,Phoenix,49567,69734
740,Iva Moose,60128,cashier,43450,Phoenix,51760,53230
741,Iva Moose,31207,cashier,22492,Phoenix,6664,33768
742,Iva Moose,42870,cashier,76768,Phoenix,45537,11894
743,Iva Moose,72602,cashier,71892,Phoenix,36304,36217
744,Iva Moose,197,cashier,76521,Phoenix,88205,12140
745,Iva Moose,24831,cashier,88453,Phoenix,79082,20262
746,Iva Moose,74002,cashier,50135,Phoenix,7685,58099
747,Iva Moose,19284,cashier,50808,Phoenix,17841,72809
748,Iva Moose,39144,cashier,13171,Phoenix,31799,9214
749,Iva Moose,5680,cashier,1900,Phoenix,43642,9713
750,Iva Moose,10913,cashier,30118,Phoenix,7070,96587
751,Iva Moose,91076,cashier,19683,Phoenix,23229,56363
752,Iva Moose,39638,cashier,14913,Phoenix,16099,75910
753,Iva Moose,80981,cashier,96491,Phoenix,32854,276
754,Iva Moose,74477,cashier,72367,Phoenix,66651,52084
755,Iva Moose,92009,cashier,10096,Phoenix,70983,89907
756,Iva Moose,21762,cashier,94982,Phoenix,29004,6855
757,Iva Moose,83936,cashier,35353,Phoenix,20037,1170
758,Iva Moose,89737,cashier,78885,Phoenix,75718,17008
759,Iva Moose,29128,cashier,6449,Phoenix,36414,81176
760,Iva Moose,21408,cashier,87566,Phoenix,89595,75577
761,Iva Moose,25193,cashier,11552,Phoenix,87062,69973
762,Iva Moose,30018,cashier,38550,Phoenix,18175,81890
763,Iva Moose,34441,cashier,47215,Phoenix,9609,24828
764,Iva Moose,98469,cashier,59005,Phoenix,81244,98450
765,Iva Moose,94575,cashier,990,Phoenix,50706,5533
766,Iva Moose,79983,cashier,59205,Phoenix,44067,60645
767,Iva Moose,39139,cashier,41792,Phoenix,98214,82952
768,Iva Moose,20157,cashier,44263,Phoenix,83160,87733
769,Iva Moose,85058,cashier,55317,Phoenix,99289,33809
770,Iva Moose,8656,cashier,25814,Phoenix,48884,93255
771,Iva Moose,42688,cashier,35933,Phoenix,84791,65
772,Iva Moose,40671,cashier,32340,Phoenix,67869,17262
773,Iva Moose,21133,cashier,80179,Phoenix,3958,44232
774,Iva Moose,78967,cashier,66929,Phoenix,67068,18448
775,Iva Moose,74929,cashier,76937,Phoenix,54132,27
776,Iva Moose,1002,cashier,75734,Phoenix,73386,57892
777,Iva Moose,13704,cashier,10615,Phoenix,99857,93540
778,Iva Moose,68262,cashier,9489,Phoenix,48195,2654
779,Iva Moose,73393,cashier,35180,Phoenix,23428,73702
780,Iva Moose,16082,cashier,91794,Phoenix,76420,61494
781,Iva Moose,31712,cashier,70861,Phoenix,5591,56686
782,Iva Moose,56976,cashier,22807,Phoenix,2160,35006
783,Iva Moose,70552,cashier,28516,Phoenix,88326,24923
784,Iva Moose,28677,cashier,22063,Phoenix,36930,47024
785,Iva Moose,17915,cashier,89974,Phoenix,33020,99587
786,Iva Moose,50844,cashier,50389,Phoenix,89543,6619
787,Iva Moose,61663,cashier,95293,Phoenix,97986,68462
788,Iva Moose,48813,cashier,59099,Phoenix,55350,86956
789,Iva Moose,13392,cashier,12711,Phoenix,2820,16440
790,Iva Moose,85491,cashier,96052,Phoenix,98406,72790
791,Iva Moose,25614,cashier,44854,Phoenix,39770,36170
792,Iva Moose,65555,cashier,54112,Phoenix,15482,33963
793,Iva Moose,36692,cashier,4704,Phoenix,92102,99112
794,Iva Moose,98159,cashier,71100,Phoenix,41914,4798
795,Iva Moose,47998,cashier,76256,Phoenix,20518,66780
796,Iva Moose,63392,cashier,56347,Phoenix,23466,57699
797,Iva Moose,11590,cashier,23331,Phoenix,90168,88150
798,Iva Moose,75796,cashier,93270,Phoenix,68974,81262
799,Iva Moose,83978,cashier,58700,Phoenix,47796,391
800,Iva Moose,67747,cashier,95509,Phoenix,37280,88875
801,Iva Moose,64543,cashier,91999,Phoenix,21923,38754
802,Iva Moose,85511,cashier,87584,Phoenix,51346,10702
803,Iva Moose,82944,cashier,63898,Phoenix,86747,52855
804,Iva Moose,73175,cashier,46209,Phoenix,16334,91503
805,Iva Moose,51862,cashier,51337,Phoenix,73934,72594
806,Iva Moose,98457,cashier,81049,Phoenix,64979,37214
807,Iva Moose,83313,cashier,22520,Phoenix,86124,180
808,Iva Moose,38627,cashier,62540,Phoenix,9018,92964
809,Iva Moose,20184,cashier,61879,Phoenix,61017,49103
810,Iva Moose,28435,cashier,28906,Phoenix,59710,21821
811,Iva Moose,16785,cashier,81459,Phoenix,31704,37300
812,Iva Moose,6623,cashier,88472,Phoenix,27968,52180
813,Iva Moose,24925,cashier,44442,Phoenix,10510,93235
814,Iva Moose,68505,cashier,59099,Phoenix,22020,96294
815,Iva Moose,45927,cashier,61138,Phoenix,12002,33396
816,Iva Moose,15264,cashier,44052,Phoenix,24904,41220
817,Iva Moose,27224,cashier,99638,Phoenix,25057,63626
818,Iva Moose,56379,cashier,56804,Phoenix,63551,49925
819,Iva Moose,35998,cashier,61594,Phoenix,11590,20803
820,Iva Moose,83672,cashier,92255,Phoenix,32206,31698
821,Iva Moose,26398,cashier,19835,Phoenix,3402,1136
822,Iva Moose,39740,cashier,48576,Phoenix,75567,44854
823,Iva Moose,33257,cashier,60128,Phoenix,717,79128
824,Iva Moose,89874,cashier,63465,Phoenix,25807,50280
825,Iva Moose,17907,cashier,78703,Phoenix,62004,69444
826,Iva Moose,39386,cashier,55923,Phoenix,59916,2073
827,Iva Moose,40000,cashier,57502,Phoenix,15353,8164
828,Iva Moose,84691,cashier,71609,Phoenix,37909,36964
829,Iva Moose,42387,cashier,53783,Phoenix,5188,66744
830,Iva Moose,36855,cashier,34112,Phoenix,4461,44532
831,Iva Moose,97114,cashier,94541,Phoenix,16473,65963
832,Iva Moose,59439,cashier,25934,Phoenix,75853,44347
833,Iva Moose,72283,cashier,57523,Phoenix,24930,31750
834,Iva Moose,53904,cashier,73941,Phoenix,36888,38551
835,Iva Moose,50766,cashier,76011,Phoenix,58601,11186
836,Iva Moose,87959,cashier,52212,Phoenix,98676,77821
837,Iva Moose,98012,cashier,23761,Phoenix,37402,42227
838,Iva Moose,45745,cashier,80941,Phoenix,42039,37624
839,Iva Moose,86131,cashier,39104,Phoenix,405,55050
840,Iva Moose,46362,cashier,49687,Phoenix,50985,20617
841,Iva Moose,17313,cashier,72982,Phoenix,55272,10426
842,Iva Moose,33347,cashier,35059,Phoenix,94850,19637
843,Iva Moose,88634,cashier,84784,Phoenix,39734,82753
844,Iva Moose,27474,cashier,16950,Phoenix,24808,32223
845,Iva Moose,5540,cashier,19946,Phoenix,8144,41961
846,Iva Moose,23777,cashier,30430,Phoenix,84001,41235
847,Iva Moose,72949,cashier,24346,Phoenix,40909,31307
848,Iva Moose,92225,cashier,92710,Phoenix,31639,91779
849,Iva Moose,2635,cashier,95252,Phoenix,87320,85445
850,Iva Moose,66187,cashier,87121,Phoenix,68481,30973
851,Iva Moose,41672,cashier,47377,Phoenix,6492,52317
852,Iva Moose,78887,cashier,94221,Phoenix,46431,76503
853,Iva Moose,16456,cashier,68344,Phoenix,67832,51911
854,Iva Moose,89430,cashier,41080,Phoenix,84037,90928
855,Iva Moose,87156,cashier,41371,Phoenix,50297,46451
856,Iva Moose,68323,cashier,56004,Phoenix,64243,456
857,Iva Moose,34449,cashier,48574,Phoenix,25509,12809
858,Iva Moose,75650,cashier,37728,Phoenix,99706,13326
859,Iva Moose,48435,cashier,98501,Phoenix,84020,7610
860,Iva Moose,7232,cashier,91874,Phoenix,65775,85936
861,Iva Moose,12127,cashier,85891,Phoenix,44128,7194
862,Iva Moose,6170,cashier,11110,Phoenix,93379,21379
863,Iva Moose,34119,cashier,14833,Phoenix,13586,67468
864,Iva Moose,62152,cashier,62756,Phoenix,5611,37884
865,Iva Moose,78471,cashier,60108,Phoenix,44685,8141
866,Iva Moose,45740,cashier,43164,Phoenix,32375,58927
867,Iva Moose,41172,cashier,88621,Phoenix,13988,77092
868,Iva Moose,46243,cashier,56499,Phoenix,91277,97584
869,Iva Moose,17635,cashier,88931,Phoenix,94265,35981
870,Iva Moose,72868,cashier,80296,Phoenix,79237,34995
871,Iva Moose,42183,cashier,61529,Phoenix,51615,65273
872,Iva Moose,5566,cashier,13578,Phoenix,7239,11807
873,Iva Moose,46775,cashier,6758,Phoenix,13852,84635
874,Iva Moose,63012,cashier,87480,Phoenix,11276,30657
875,Iva Moose,76150,cashier,88567,Phoenix,88498,39244
876,Iva Moose,36300,cashier,53867,Phoenix,22234,88254
877,Iva Moose,95489,cashier,84330,Phoenix,38945,28233
878,Iva Moose,50978,cashier,2717,Phoenix,96843,33085
879,Iva Moose,9905,cashier,96357,Phoenix,85756,57560
880,Iva Moose,50048,cashier,3806,Phoenix,28532,98546
881,Iva Moose,39634,cashier,19161,Phoenix,82830,7806
882,Iva Moose,19671,cashier,98099,Phoenix,96326,44363
883,Iva Moose,56000,cashier,78509,Phoenix,61807,87980
884,Iva Moose,89917,cashier,45960,Phoenix,96356,98120
885,Iva Moose,92100,cashier,60973,Phoenix,81992,69613
886,Iva Moose,33475,cashier,45977,Phoenix,35156,94580
887,Iva Moose,72806,cashier,35640,Phoenix,96345,19
888,Iva Moose,5263,cashier,8197,Phoenix,85983,8899
889,Iva Moose,58441,cashier,78899,Phoenix,67047,80623
890,Iva Moose,87646,cashier,8723,Phoenix,6014,92233
891,Iva Moose,23271,cashier,99595,Phoenix,61222,2226
892,Iva Moose,72739,cashier,27870,Phoenix,3084,77167
893,Iva Moose,84106,cashier,19899,Phoenix,9972,24508
894,Iva Moose,15859,cashier,24297,Phoenix,52262,28965
895,Iva Moose,8800,cashier,57329,Phoenix,90152,84252
896,Iva Moose,2943,cashier,39202,Phoenix,53743,11877
897,Iva Moose,66353,cashier,80276,Phoenix,68713,32693
898,Iva Moose,4475,cashier,26906,Phoenix,18090,56695
899,Iva Moose,75445,cashier,64598,Phoenix,49968,23503
900,Iva Moose,62415,cashier,12148,Phoenix,15978,29071
901,Iva Moose,93828,cashier,27545,Phoenix,22670,90735
902,Iva Moose,13631,cashier,66134,Phoenix,75842,50807
903,Iva Moose,75747,cashier,29678,Phoenix,1325,70018
904,Iva Moose,2107,cashier,25425,Phoenix,27781,74403
905,Iva Moose,93902,cashier,89209,Phoenix,69597,9223
906,Iva Moose,35165,cashier,28967,Phoenix,87998,39038
907,Iva Moose,13501,cashier,12967,Phoenix,36064,28980
908,Iva Moose,91464,cashier,14866,Phoenix,8215,38069
909,Iva Moose,70657,cashier,8517,Phoenix,71516,53300
910,Iva Moose,94628,cashier,38435,Phoenix,88366,19379
911,Iva Moose,1359,cashier,98317,Phoenix,96503,44572
912,Iva Moose,38700,cashier,69091,Phoenix,1734,68565
913,Iva Moose,83601,cashier,853,Phoenix,32543,45200
914,Iva Moose,68437,cashier,42026,Phoenix,53819,33428
915,Iva Moose,61390,cashier,1998,Phoenix,3796,97337
916,Iva Moose,62509,cashier,2404,Phoenix,13637,80387
917,Iva Moose,92413,cashier,93928,Phoenix,39306,66084
918,Iva Moose,32522,cashier,92153,Phoenix,62417,35466
919,Iva Moose,2811,cashier,55117,Phoenix,16312,10672
920,Iva Moose,3969,cashier,32049,Phoenix,39525,11351
921,Iva Moose,50388,cashier,76269,Phoenix,11456,60988
922,Iva Moose,73682,cashier,74921,Phoenix,52346,53782
923,Iva Moose,2178,cashier,55891,Phoenix,34631,72796
924,Iva Moose,14418,cashier,28515,Phoenix,34661,53100
925,Iva Moose,28952,cashier,41419,Phoenix,75398,80126
926,Iva Moose,84768,cashier,76355,Phoenix,89991,44576
927,Iva Moose,81005,cashier,78614,Phoenix,71850,13049
928,Iva Moose,20501,cashier,63509,Phoenix,75763,44311
929,Iva Moose,2702,cashier,50473,Phoenix,45465,97875
930,Iva Moose,15881,cashier,15150,Phoenix,32600,38686
931,Iva Moose,48173,cashier,19152,Phoenix,68603,39634
932,Iva Moose,42099,cashier,83533,Phoenix,19682,31211
933,Iva Moose,71350,cashier,65824,Phoenix,31731,88781
934,Iva Moose,30394,cashier,87231,Phoenix,86398,79519
935,Iva Moose,91344,cashier,7641,Phoenix,65016,39784
936,Iva Moose,69792,cashier,34755,Phoenix,42184,36144
937,Iva Moose,16358,cashier,30773,Phoenix,51520,7314
938,Iva Moose,50175,cashier,59140,Phoenix,75198,23702
939,Iva Moose,11021,cashier,37975,Phoenix,33861,58831
940,Iva Moose,22222,cashier,75269,Phoenix,13141,22852
941,Iva Moose,31980,cashier,96476,Phoenix,9057,99824
942,Iva Moose,5564,cashier,4854,Phoenix,87401,76626
943,Iva Moose,49629,cashier,12209,Phoenix,23726,91306
944,Iva Moose,85463,cashier,93507,Phoenix,65364,59440
945,Iva Moose,88528,cashier,55073,Phoenix,50099,43989
946,Iva Moose,44955,cashier,59487,Phoenix,26919,29576
947,Iva Moose,38635,cashier,31011,Phoenix,52108,19764
948,Iva Moose,90048,cashier,24325,Phoenix,50633,70028
949,Iva Moose,67804,cashier,87223,Phoenix,58635,49936
950,Iva Moose,29159,cashier,71548,Phoenix,38616,72850
951,Iva Moose,4908,cashier,94485,Phoenix,79901,29980
952,Iva Moose,67940,cashier,72215,Phoenix,21819,32025
953,Iva Moose,99492,cashier,60560,Phoenix,86018,27019
954,Iva Moose,78708,cashier,37418,Phoenix,19251,50732
955,Iva Moose,24816,cashier,19575,Phoenix,85997,29464
956,Iva Moose,42534,cashier,45851,Phoenix,64703,70847
957,Iva Moose,22470,cashier,12733,Phoenix,19497,13532
958,Iva Moose,12422,cashier,22643,Phoenix,59350,5899
959,Iva Moose,63392,cashier,4747,Phoenix,79920,46930
960,Iva Moose,74203,cashier,27248,Phoenix,82052,86851
961,Iva Moose,41854,cashier,65423,Phoenix,46028,73491
962,Iva Moose,23826,cashier,23962,Phoenix,80994,599
963,Iva Moose,75276,cashier,47331,Phoenix,29212,6170
964,Iva Moose,13555,cashier,70634,Phoenix,15411,20990
965,Iva Moose,13550,cashier,76941,Phoenix,83181,64183
966,Iva Moose,96309,cashier,31243,Phoenix,76427,44428
967,Iva Moose,63388,cashier,20344,Phoenix,80328,81140
968,Iva Moose,41602,cashier,2278,Phoenix,35208,39355
969,Iva Moose,69132,cashier,52067,Phoenix,83889,68542
970,Iva Moose,52492,cashier,6911,Phoenix,48707,44023
971,Iva Moose,28204,cashier,41414,Phoenix,27440,90688
972,Iva Moose,83133,cashier,73559,Phoenix,57872,69358
973,Iva Moose,7398,cashier,7887,Phoenix,33906,78027
974,Iva Moose,17638,cashier,89957,Phoenix,21761,34921
975,Iva Moose,56591,cashier,24070,Phoenix,80671,53857
976,Iva Moose,42805,cashier,21872,Phoenix,66440,69598
977,Iva Moose,34354,cashier,61849,Phoenix,97899,80017
978,Iva Moose,99180,cashier,1610,Phoenix,68668,43516
979,Iva Moose,77329,cashier,59217,Phoenix,61298,18794
980,Iva Moose,49300,cashier,75281,Phoenix,34736,30283
981,Iva Moose,88375,cashier,32572,Phoenix,93181,38934
982,Iva Moose,10240,cashier,26803,Phoenix,32202,92213
983,Iva Moose,89702,cashier,35625,Phoenix,87890,6980
984,Iva Moose,67948,cashier,86338,Phoenix,57747,19706
985,Iva Moose,56260,cashier,96739,Phoenix,968,78592
986,Iva Moose,22135,cashier,45772,Phoenix,66251,17017
987,Iva Moose,72651,cashier,4369,Phoenix,82502,66567
988,Iva Moose,31738,cashier,38466,Phoenix,97761,13196
989,Iva Moose,50962,cashier,36100,Phoenix,63449,8597
990,Iva Moose,63228,cashier,15392,Phoenix,16015,20660
991,Iva Moose,94938,cashier,18479,Phoenix,76727,3213
992,Iva Moose,25243,cashier,66111,Phoenix,90340,25683
993,Iva Moose,60961,cashier,97542,Phoenix,29839,38770
994,Iva Moose,46513,cashier,76689,Phoenix,50612,44542
995,Iva Moose,31614,cashier,6699,Phoenix,63129,42233
996,Iva Moose,54960,cashier,99014,Phoenix,93657,84676
997,Iva Moose,85537,cashier,43632,Phoenix,97250,28072
998,Iva Moose,27608,cashier,84675,Phoenix,42180,18739
999,Iva Moose,41878,cashier,91978,Phoenix,85621,6731
